,NODE_ID,total_deaths,total_serious_injuries,total_MajorInj,total_MinorInj,EPDO,NO,Spacetype,dir2,dir,Year,Month,Day,Timezone,Dayofweek,Place,Crashtype,Violation,Weather,Deaths,SeriousInj,MajorInj,MinorInj,InjNO,Gender,Age,Modetype,City,Dong_name,NODE_TYPE,TURN_P,1_NodeType,2_RoadType,2_LinkType,4_SubType,4_Direction,9_Type,9_lsCentral,10_Type,11_Type,LINK_ID,LANES,ROAD_TYPE,CONNECT,MAX_SPD,REST_VEH,CURVATURE,SLOPE,1_NodeType.1,2_RoadType.1,2_LinkType.1,4_SubType.1,4_Direction.1,9_Type.1,9_lsCentral.1,10_Type.1,11_Type.1
0,3050083100,0,0,1,0,3,56,교차로,남,진출,2020,5,19,18,화,교차로부근,추돌(진행중),안전운전불이행,비,0,0,1,0,1,여,44,승용,동해당,용복동,교차로 시·종점,유,"입체교차로,입체교차로,입체교차로,도로 차로 수 변화,도로 차로 수 변화,입체교차로,입체교차로,입체교차로,입체교차로,입체교차로","일반도로,일반도로,일반도로,일반도로,일반도로,일반도로,일반도로,일반도로,일반도로,일반도로,일반도로,일반도로,일반도로,일반도로,일반도로,일반도로,일반도로,일반도로,일반도로,일반도로,일반도로,일반도로,일반도로,일반도로,일반도로,일반도로,일반도로","일반주행차로,일반주행차로,일반주행차로,일반주행차로,일반주행차로,일반주행차로,일반주행차로,교차로진입로,일반주행차로,일반주행차로,일반주행차로,일반주행차로,일반주행차로,일반주행차로,일반주행차로,일반주행차로,일반주행차로,교차로진출로,일반주행차로,일반주행차로,일반주행차로,일반주행차로,일반주행차로,일반주행차로,일반주행차로,일반주행차로,일반주행차로",,,"가드레일,가드레일,가드레일,가드레일,콘크리트연석,가드레일,가드레일,콘크리트연석,가드레일,콘크리트방호벽,벽,벽,가드레일,콘크리트방호벽,콘크리트연석,가드레일,콘크리트연석,가드레일,콘크리트연석,가드레일,가드레일,콘크리트연석,콘크리트연석,콘크리트연석,콘크리트방호벽,콘크리트방호벽,가드레일,가드레일,가드레일,가드레일,가드레일,가드레일,콘크리트방호벽","중앙분리대,중앙분리대가아닌경우,중앙분리대,중앙분리대,중앙분리대가아닌경우,중앙분리대가아닌경우,중앙분리대가아닌경우,중앙분리대가아닌경우,중앙분리대가아닌경우,중앙분리대가아닌경우,중앙분리대,중앙분리대,중앙분리대,중앙분리대가아닌경우,중앙분리대가아닌경우,중앙분리대,중앙분리대가아닌경우,중앙분리대가아닌경우,중앙분리대가아닌경우,중앙분리대,중앙분리대,중앙분리대가아닌경우,중앙분리대가아닌경우,중앙분리대가아닌경우,중앙분리대가아닌경우,중앙분리대가아닌경우,중앙분리대,중앙분리대,중앙분리대가아닌경우,중앙분리대,중앙분리대,중앙분리대가아닌경우,중앙분리대가아닌경우",,"고가도로or교량,고가도로or교량",3050264600,2,일반도로,없음,90,이륜차,16.006,-2.3,"입체교차로,입체교차로,입체교차로,입체교차로,입체교차로","일반도로,일반도로,일반도로,일반도로,일반도로,일반도로,일반도로","일반주행차로,일반주행차로,일반주행차로,일반주행차로,일반주행차로,일반주행차로,일반주행차로",,,"콘크리트연석,가드레일,콘크리트연석,가드레일,벽,콘크리트연석,벽,콘크리트연석,가드레일","중앙분리대가아닌경우,중앙분리대,중앙분리대가아닌경우,중앙분리대,중앙분리대,중앙분리대가아닌경우,중앙분리대,중앙분리대가아닌경우,중앙분리대가아닌경우",,
1,3060047700,0,0,1,0,3,26,교차로,북,진출,2020,3,3,18,화,교차로안,측면직각충돌,직진우회전진행방해,맑음,0,0,1,0,1,남,72,화물,동해당,용정동,연결로접속부,유,"도로 차로 수 변화,도로 차로 수 변화,입체교차로,도로 차로 수 변화,도로 차로 수 변화,도로 차로 수 변화,도로 차로 수 변화,입체교차로,입체교차로,입체교차로,입체교차로,입체교차로,입체교차로,입체교차로,유형 없음,유형 없음,유형 없음","일반도로,일반도로,일반도로,일반도로,일반도로,일반도로,일반도로,일반도로,일반도로,일반도로,일반도로,일반도로,일반도로,일반도로,일반도로,일반도로,일반도로,일반도로,일반도로,일반도로,일반도로,일반도로,일반도로,일반도로,일반도로,일반도로,일반도로","일반주행차로,일반주행차로,일반주행차로,교차로진출로,교차로진입로,일반주행차로,일반주행차로,일반주행차로,교차로진출로,일반주행차로,일반주행차로,교차로진입로,일반주행차로,일반주행차로,일반주행차로,일반주행차로,일반주행차로,일반주행차로,일반주행차로,일반주행차로,일반주행차로,일반주행차로,일반주행차로,일반주행차로,일반주행차로,일반주행차로,일반주행차로",,,"가드레일,가드레일,가드레일,가드레일,가드레일,가드레일,가드레일,가드레일,가드레일,가드레일,가드레일,가드레일,가드레일,가드레일,임시구조물,임시구조물,가드레일,가드레일,가드레일,가드레일,가드레일,가드레일,가드레일,가드레일,가드레일,가드레일,가드레일","중앙분리대,중앙분리대가아닌경우,중앙분리대가아닌경우,중앙분리대가아닌경우,중앙분리대가아닌경우,중앙분리대가아닌경우,중앙분리대가아닌경우,중앙분리대,중앙분리대,중앙분리대가아닌경우,중앙분리대가아닌경우,중앙분리대,중앙분리대가아닌경우,중앙분리대,중앙분리대가아닌경우,중앙분리대가아닌경우,중앙분리대,중앙분리대가아닌경우,중앙분리대가아닌경우,중앙분리대가아닌경우,중앙분리대가아닌경우,중앙분리대가아닌경우,중앙분리대가아닌경우,중앙분리대가아닌경우,중앙분리대가아닌경우,중앙분리대,중앙분리대",,,3060236000,1,일반도로,있음,40,이륜차,0.0,0.0,"유형 없음,유형 없음,입체교차로,입체교차로,유형 없음,유형 없음,입체교차로","일반도로,일반도로,일반도로,일반도로,일반도로,일반도로,일반도로,일반도로,일반도로,일반도로,일반도로,일반도로,일반도로,일반도로,일반도로,교량,교량,교량,교량,교량,교량,일반도로","일반주행차로,일반주행차로,일반주행차로,일반주행차로,일반주행차로,일반주행차로,일반주행차로,일반주행차로,일반주행차로,일반주행차로,일반주행차로,일반주행차로,일반주행차로,일반주행차로,일반주행차로,일반주행차로,일반주행차로,일반주행차로,일반주행차로,일반주행차로,일반주행차로,일반주행차로",,,"가드레일,콘크리트연석,가드레일,임시구조물,가드레일,가드레일,가드레일,가드레일,기타시설물,콘크리트방호벽,콘크리트연석,콘크리트연석,기타시설물,콘크리트연석,기타시설물,가드레일,가드레일,가드레일,콘크리트방호벽,가드레일,가드레일,가드레일","중앙분리대가아닌경우,중앙분리대가아닌경우,중앙분리대가아닌경우,중앙분리대가아닌경우,중앙분리대,중앙분리대가아닌경우,중앙분리대가아닌경우,중앙분리대,중앙분리대가아닌경우,중앙분리대가아닌경우,중앙분리대,중앙분리대,중앙분리대가아닌경우,중앙분리대가아닌경우,중앙분리대가아닌경우,중앙분리대가아닌경우,중앙분리대가아닌경우,중앙분리대가아닌경우,중앙분리대가아닌경우,중앙분리대,중앙분리대,중앙분리대가아닌경우",,고가도로or교량
2,3060048200,0,1,0,0,6,424,교차로,남,진입,2022,8,2,18,화,교차로안,측면직각충돌,안전운전불이행,비,0,1,0,0,1,남,48,승용,동해당,도덕동,도로시설물,무,"교량 시/종점,교량 시/종점,교량 시/종점,교량 시/종점,교량 시/종점,교량 시/종점,교량 시/종점,교량 시/종점","일반도로,일반도로,일반도로,일반도로,일반도로,일반도로,일반도로,일반도로,교량,일반도로,교량,일반도로,교량,일반도로,교량,일반도로","일반주행차로,일반주행차로,일반주행차로,일반주행차로,일반주행차로,일반주행차로,일반주행차로,일반주행차로,일반주행차로,일반주행차로,일반주행차로,일반주행차로,일반주행차로,일반주행차로,일반주행차로,일반주행차로",,,"기타시설물,기타시설물,콘크리트연석,콘크리트연석,기타시설물,콘크리트연석,콘크리트연석,기타시설물,콘크리트연석,가드레일,가드레일,기타시설물,콘크리트연석,콘크리트방호벽,콘크리트방호벽,콘크리트방호벽,콘크리트연석,기타시설물,기타시설물,콘크리트연석,콘크리트연석,콘크리트연석,가드레일,콘크리트연석,콘크리트연석,콘크리트연석,가드레일,기타시설물,콘크리트방호벽,콘크리트방호벽,콘크리트방호벽,기타시설물,콘크리트연석","중앙분리대가아닌경우,중앙분리대가아닌경우,중앙분리대가아닌경우,중앙분리대가아닌경우,중앙분리대가아닌경우,중앙분리대,중앙분리대,중앙분리대가아닌경우,중앙분리대가아닌경우,중앙분리대,중앙분리대,중앙분리대가아닌경우,중앙분리대가아닌경우,중앙분리대가아닌경우,중앙분리대가아닌경우,중앙분리대가아닌경우,중앙분리대가아닌경우,중앙분리대가아닌경우,중앙분리대가아닌경우,중앙분리대,중앙분리대,중앙분리대,중앙분리대,중앙분리대,중앙분리대,중앙분리대,중앙분리대,중앙분리대가아닌경우,중앙분리대가아닌경우,중앙분리대가아닌경우,중앙분리대가아닌경우,중앙분리대가아닌경우,중앙분리대가아닌경우",,,3060124700,2,교량,없음,90,이륜차,0.0,0.0,"교량 시/종점,교량 시/종점","일반도로,일반도로,교량","일반주행차로,일반주행차로,일반주행차로",,,"콘크리트연석,콘크리트방호벽,콘크리트연석,콘크리트연석,기타시설물,콘크리트연석,기타시설물,콘크리트연석,콘크리트방호벽","중앙분리대,중앙분리대가아닌경우,중앙분리대,중앙분리대,중앙분리대가아닌경우,중앙분리대가아닌경우,중앙분리대가아닌경우,중앙분리대,중앙분리대가아닌경우",,
3,3060089800,0,2,0,0,12,369,교차로,동,진출,2022,3,12,18,토,교차로안,차대차-기타,신호위반,맑음,0,2,0,0,2,남,44,승용,동해당,전미동2가,교차로 시·종점,유,"평면교차로,평면교차로,평면교차로,평면교차로,평면교차로,평면교차로,평면교차로,유형 없음,유형 없음,유형 없음,유형 없음,유형 없음,유형 없음,유형 없음,도로 차로 수 변화,도로 차로 수 변화,도로 차로 수 변화,도로 차로 수 변화,도로 차로 수 변화,도로 차로 수 변화,유형 없음,유형 없음,유형 없음,유형 없음,유형 없음,유형 없음,유형 없음,유형 없음,유형 없음,유형 없음,유형 없음,지하차도 시/종점,유형 없음,유형 없음,유형 없음,유형 없음,지하차도 시/종점,유형 없음,지하차도 시/종점,지하차도 시/종점,유형 없음,유형 없음,유형 없음,유형 없음,유형 없음,유형 없음,지하차도 시/종점,지하차도 시/종점,유형 없음,유형 없음,지하차도 시/종점,유형 없음,유형 없음,유형 없음,지하차도 시/종점,유형 없음,유형 없음,교량 시/종점,교량 시/종점,유형 없음,교량 시/종점,교량 시/종점,교량 시/종점,교량 시/종점,평면교차로,평면교차로,유형 없음,유형 없음,유형 없음,평면교차로,평면교차로,도로 차로 수 변화,도로 차로 수 변화","일반도로,일반도로,일반도로,일반도로,일반도로,일반도로,일반도로,일반도로,일반도로,일반도로,일반도로,일반도로,일반도로,일반도로,일반도로,일반도로,일반도로,일반도로,일반도로,일반도로,일반도로,일반도로,일반도로,일반도로,일반도로,일반도로,일반도로,일반도로,일반도로,일반도로,일반도로,일반도로,일반도로,일반도로,일반도로,일반도로,일반도로,일반도로,일반도로,일반도로,일반도로,일반도로,일반도로,일반도로,일반도로,일반도로,일반도로,지하차도,지하차도,일반도로,지하차도,일반도로,지하차도,일반도로,일반도로,일반도로,일반도로,일반도로,일반도로,일반도로,일반도로,일반도로,일반도로,일반도로,일반도로,교량,일반도로,교량,교량,교량,일반도로,일반도로,일반도로,일반도로,일반도로,일반도로,일반도로,일반도로,일반도로,일반도로,일반도로,일반도로,일반도로,교량,교량,교량,교량,교량,교량,교량","교차로내주행경로,교차로내주행경로,교차로내주행경로,교차로내주행경로,교차로내주행경로,교차로내주행경로,교차로내주행경로,일반주행차로,일반주행차로,일반주행차로,일반주행차로,일반주행차로,일반주행차로,일반주행차로,일반주행차로,일반주행차로,일반주행차로,일반주행차로,일반주행차로,일반주행차로,일반주행차로,일반주행차로,일반주행차로,일반주행차로,일반주행차로,일반주행차로,일반주행차로,일반주행차로,일반주행차로,일반주행차로,일반주행차로,일반주행차로,일반주행차로,일반주행차로,일반주행차로,일반주행차로,일반주행차로,일반주행차로,일반주행차로,일반주행차로,일반주행차로,일반주행차로,일반주행차로,일반주행차로,일반주행차로,일반주행차로,일반주행차로,일반주행차로,일반주행차로,일반주행차로,일반주행차로,일반주행차로,일반주행차로,일반주행차로,일반주행차로,일반주행차로,일반주행차로,일반주행차로,일반주행차로,일반주행차로,일반주행차로,일반주행차로,일반주행차로,일반주행차로,일반주행차로,일반주행차로,일반주행차로,일반주행차로,일반주행차로,일반주행차로,교차로내주행경로,교차로내주행경로,교차로내주행경로,교차로내주행경로,일반주행차로,교차로내주행경로,일반주행차로,교차로내주행경로,교차로내주행경로,일반주행차로,일반주행차로,일반주행차로,일반주행차로,일반주행차로,일반주행차로,일반주행차로,일반주행차로,일반주행차로,일반주행차로,일반주행차로",,,"콘크리트연석,기타시설물,콘크리트연석,콘크리트연석,콘크리트연석,콘크리트연석,콘크리트방호벽,콘크리트연석,콘크리트연석,기타시설물,콘크리트연석,콘크리트연석,기타시설물,콘크리트연석,콘크리트연석,콘크리트연석,기타시설물,콘크리트연석,콘크리트연석,콘크리트연석,콘크리트연석,벽,콘크리트연석,콘크리트연석,콘크리트연석,콘크리트연석,콘크리트연석,콘크리트연석,콘크리트연석,콘크리트연석,기타시설물,벽,콘크리트연석,콘크리트연석,콘크리트연석,콘크리트연석,콘크리트연석,콘크리트연석,콘크리트연석,기타시설물,콘크리트연석,콘크리트연석,콘크리트연석,기타시설물,콘크리트연석,기타시설물,콘크리트연석,기타시설물,콘크리트연석,콘크리트연석,콘크리트연석,기타시설물,기타시설물,콘크리트방호벽,콘크리트연석,기타시설물,콘크리트연석,콘크리트연석,콘크리트연석,기타시설물,콘크리트연석,콘크리트연석","중앙분리대가아닌경우,중앙분리대가아닌경우,중앙분리대가아닌경우,중앙분리대가아닌경우,중앙분리대가아닌경우,중앙분리대가아닌경우,중앙분리대가아닌경우,중앙분리대가아닌경우,중앙분리대,중앙분리대가아닌경우,중앙분리대,중앙분리대가아닌경우,중앙분리대가아닌경우,중앙분리대가아닌경우,중앙분리대가아닌경우,중앙분리대가아닌경우,중앙분리대가아닌경우,중앙분리대가아닌경우,중앙분리대가아닌경우,중앙분리대가아닌경우,중앙분리대가아닌경우,중앙분리대가아닌경우,중앙분리대가아닌경우,중앙분리대가아닌경우,중앙분리대가아닌경우,중앙분리대,중앙분리대,중앙분리대가아닌경우,중앙분리대가아닌경우,중앙분리대가아닌경우,중앙분리대가아닌경우,중앙분리대가아닌경우,중앙분리대가아닌경우,중앙분리대가아닌경우,중앙분리대가아닌경우,중앙분리대가아닌경우,중앙분리대가아닌경우,중앙분리대가아닌경우,중앙분리대가아닌경우,중앙분리대가아닌경우,중앙분리대가아닌경우,중앙분리대가아닌경우,중앙분리대가아닌경우,중앙분리대가아닌경우,중앙분리대가아닌경우,중앙분리대가아닌경우,중앙분리대가아닌경우,중앙분리대가아닌경우,중앙분리대,중앙분리대,중앙분리대가아닌경우,중앙분리대가아닌경우,중앙분리대가아닌경우,중앙분리대가아닌경우,중앙분리대가아닌경우,중앙분리대가아닌경우,중앙분리대가아닌경우,중앙분리대,중앙분리대,중앙분리대가아닌경우,중앙분리대가아닌경우,중앙분리대가아닌경우",,,3060238400,2,지하차도,없음,80,이륜차,16.102,3.278,"입체교차로,입체교차로,지하차도 시/종점,유형 없음,지하차도 시/종점,지하차도 시/종점,지하차도 시/종점","일반도로,일반도로,일반도로,일반도로,일반도로,일반도로,일반도로","일반주행차로,일반주행차로,일반주행차로,일반주행차로,일반주행차로,일반주행차로,일반주행차로",,,"기타시설물,콘크리트연석,콘크리트연석,기타시설물,콘크리트연석,콘크리트연석,콘크리트연석,기타시설물,콘크리트연석","중앙분리대가아닌경우,중앙분리대가아닌경우,중앙분리대가아닌경우,중앙분리대가아닌경우,중앙분리대가아닌경우,중앙분리대가아닌경우,중앙분리대가아닌경우,중앙분리대가아닌경우,중앙분리대",,
4,3060090100,0,0,8,0,24,53,교차로,북,진출,2020,5,5,18,화,교차로안,차대차-기타,신호위반,맑음,0,0,1,0,1,남,54,승용,동해당,전미동1가,교차로 시·종점,유,"도로 차로 수 변화,도로 차로 수 변화,도로 차로 수 변화,도로 차로 수 변화,도로 차로 수 변화,유형 없음,유형 없음,유형 없음,유형 없음,유형 없음,유형 없음,유형 없음,유형 없음,유형 없음,유형 없음,유형 없음,유형 없음,유형 없음,유형 없음,도로 차로 수 변화,유형 없음,유형 없음,지하차도 시/종점,지하차도 시/종점,지하차도 시/종점,지하차도 시/종점,유형 없음,지하차도 시/종점,유형 없음,지하차도 시/종점,지하차도 시/종점,지하차도 시/종점,유형 없음,유형 없음,유형 없음,유형 없음,유형 없음,유형 없음,유형 없음,유형 없음,유형 없음,유형 없음,유형 없음,유형 없음,유형 없음,유형 없음,유형 없음,유형 없음,유형 없음,유형 없음,교량 시/종점,교량 시/종점,교량 시/종점,교량 시/종점","일반도로,일반도로,일반도로,일반도로,일반도로,일반도로,일반도로,일반도로,일반도로,일반도로,일반도로,일반도로,일반도로,일반도로,일반도로,일반도로,일반도로,일반도로,일반도로,일반도로,일반도로,일반도로,일반도로,일반도로,일반도로,일반도로,지하차도,일반도로,지하차도,일반도로,일반도로,일반도로,일반도로,일반도로,일반도로,지하차도,지하차도,일반도로,일반도로,일반도로,일반도로,일반도로,일반도로,일반도로,일반도로,일반도로,일반도로,일반도로,일반도로,일반도로,일반도로,일반도로,일반도로,일반도로,일반도로,일반도로,일반도로,일반도로,일반도로,일반도로,일반도로,일반도로,일반도로,일반도로,일반도로,교량,교량,교량,교량,교량,교량,교량,교량","일반주행차로,일반주행차로,일반주행차로,일반주행차로,일반주행차로,일반주행차로,일반주행차로,일반주행차로,일반주행차로,일반주행차로,일반주행차로,일반주행차로,일반주행차로,일반주행차로,일반주행차로,일반주행차로,일반주행차로,일반주행차로,일반주행차로,일반주행차로,일반주행차로,일반주행차로,일반주행차로,일반주행차로,교차로내주행경로,일반주행차로,일반주행차로,일반주행차로,일반주행차로,일반주행차로,일반주행차로,일반주행차로,일반주행차로,일반주행차로,일반주행차로,일반주행차로,일반주행차로,일반주행차로,일반주행차로,일반주행차로,일반주행차로,일반주행차로,일반주행차로,일반주행차로,일반주행차로,일반주행차로,일반주행차로,교차로내주행경로,교차로내주행경로,일반주행차로,일반주행차로,일반주행차로,일반주행차로,일반주행차로,일반주행차로,일반주행차로,일반주행차로,일반주행차로,일반주행차로,일반주행차로,일반주행차로,일반주행차로,일반주행차로,일반주행차로,일반주행차로,일반주행차로,일반주행차로,일반주행차로,일반주행차로,일반주행차로,일반주행차로,일반주행차로,일반주행차로",,,"기타시설물,콘크리트연석,콘크리트연석,기타시설물,콘크리트연석,콘크리트연석,기타시설물,콘크리트연석,콘크리트연석,콘크리트연석,콘크리트연석,콘크리트연석,콘크리트연석,기타시설물,기타시설물,벽,기타시설물,콘크리트연석,콘크리트연석,콘크리트연석,콘크리트연석,콘크리트연석,콘크리트연석,콘크리트연석,콘크리트연석,콘크리트연석,기타시설물,콘크리트연석,콘크리트연석,콘크리트연석,기타시설물,콘크리트연석,콘크리트연석,콘크리트연석,기타시설물,벽,콘크리트연석,기타시설물,기타시설물,콘크리트연석,콘크리트방호벽,콘크리트연석,기타시설물,콘크리트연석,콘크리트연석,기타시설물,콘크리트연석,콘크리트연석,콘크리트연석,콘크리트연석,기타시설물,콘크리트연석,콘크리트연석,기타시설물,콘크리트연석","중앙분리대가아닌경우,중앙분리대가아닌경우,중앙분리대가아닌경우,중앙분리대가아닌경우,중앙분리대가아닌경우,중앙분리대가아닌경우,중앙분리대가아닌경우,중앙분리대가아닌경우,중앙분리대가아닌경우,중앙분리대가아닌경우,중앙분리대가아닌경우,중앙분리대가아닌경우,중앙분리대가아닌경우,중앙분리대가아닌경우,중앙분리대가아닌경우,중앙분리대가아닌경우,중앙분리대가아닌경우,중앙분리대,중앙분리대,중앙분리대,중앙분리대가아닌경우,중앙분리대,중앙분리대가아닌경우,중앙분리대가아닌경우,중앙분리대가아닌경우,중앙분리대,중앙분리대가아닌경우,중앙분리대,중앙분리대가아닌경우,중앙분리대가아닌경우,중앙분리대가아닌경우,중앙분리대가아닌경우,중앙분리대가아닌경우,중앙분리대가아닌경우,중앙분리대가아닌경우,중앙분리대가아닌경우,중앙분리대가아닌경우,중앙분리대가아닌경우,중앙분리대가아닌경우,중앙분리대가아닌경우,중앙분리대가아닌경우,중앙분리대가아닌경우,중앙분리대가아닌경우,중앙분리대가아닌경우,중앙분리대가아닌경우,중앙분리대가아닌경우,중앙분리대가아닌경우,중앙분리대가아닌경우,중앙분리대가아닌경우,중앙분리대가아닌경우,중앙분리대가아닌경우,중앙분리대가아닌경우,중앙분리대가아닌경우,중앙분리대가아닌경우,중앙분리대가아닌경우",,,3060112101,2,일반도로,없음,70,모두통행가능,0.0,0.0,"유형 없음,유형 없음,유형 없음,교량 시/종점,교량 시/종점","일반도로,교량,지하차도,지하차도,일반도로,일반도로,일반도로","일반주행차로,일반주행차로,일반주행차로,일반주행차로,일반주행차로,일반주행차로,일반주행차로",,,"콘크리트연석,기타시설물,기타시설물,콘크리트연석,콘크리트연석,콘크리트연석,벽,콘크리트연석","중앙분리대가아닌경우,중앙분리대가아닌경우,중앙분리대가아닌경우,중앙분리대가아닌경우,중앙분리대,중앙분리대,중앙분리대가아닌경우,중앙분리대가아닌경우",,
5,3060090100,0,0,8,0,24,116,교차로,서,진입,2020,9,18,18,금,교차로부근,추돌(진행중),안전운전불이행,맑음,0,0,1,0,1,남,32,승용,동해당,전미동1가,교차로 시·종점,유,"도로 차로 수 변화,도로 차로 수 변화,도로 차로 수 변화,도로 차로 수 변화,도로 차로 수 변화,유형 없음,유형 없음,유형 없음,유형 없음,유형 없음,유형 없음,유형 없음,유형 없음,유형 없음,유형 없음,유형 없음,유형 없음,유형 없음,유형 없음,도로 차로 수 변화,유형 없음,유형 없음,지하차도 시/종점,지하차도 시/종점,지하차도 시/종점,지하차도 시/종점,유형 없음,지하차도 시/종점,유형 없음,지하차도 시/종점,지하차도 시/종점,지하차도 시/종점,유형 없음,유형 없음,유형 없음,유형 없음,유형 없음,유형 없음,유형 없음,유형 없음,유형 없음,유형 없음,유형 없음,유형 없음,유형 없음,유형 없음,유형 없음,유형 없음,유형 없음,유형 없음,교량 시/종점,교량 시/종점,교량 시/종점,교량 시/종점","일반도로,일반도로,일반도로,일반도로,일반도로,일반도로,일반도로,일반도로,일반도로,일반도로,일반도로,일반도로,일반도로,일반도로,일반도로,일반도로,일반도로,일반도로,일반도로,일반도로,일반도로,일반도로,일반도로,일반도로,일반도로,일반도로,지하차도,일반도로,지하차도,일반도로,일반도로,일반도로,일반도로,일반도로,일반도로,지하차도,지하차도,일반도로,일반도로,일반도로,일반도로,일반도로,일반도로,일반도로,일반도로,일반도로,일반도로,일반도로,일반도로,일반도로,일반도로,일반도로,일반도로,일반도로,일반도로,일반도로,일반도로,일반도로,일반도로,일반도로,일반도로,일반도로,일반도로,일반도로,일반도로,교량,교량,교량,교량,교량,교량,교량,교량","일반주행차로,일반주행차로,일반주행차로,일반주행차로,일반주행차로,일반주행차로,일반주행차로,일반주행차로,일반주행차로,일반주행차로,일반주행차로,일반주행차로,일반주행차로,일반주행차로,일반주행차로,일반주행차로,일반주행차로,일반주행차로,일반주행차로,일반주행차로,일반주행차로,일반주행차로,일반주행차로,일반주행차로,교차로내주행경로,일반주행차로,일반주행차로,일반주행차로,일반주행차로,일반주행차로,일반주행차로,일반주행차로,일반주행차로,일반주행차로,일반주행차로,일반주행차로,일반주행차로,일반주행차로,일반주행차로,일반주행차로,일반주행차로,일반주행차로,일반주행차로,일반주행차로,일반주행차로,일반주행차로,일반주행차로,교차로내주행경로,교차로내주행경로,일반주행차로,일반주행차로,일반주행차로,일반주행차로,일반주행차로,일반주행차로,일반주행차로,일반주행차로,일반주행차로,일반주행차로,일반주행차로,일반주행차로,일반주행차로,일반주행차로,일반주행차로,일반주행차로,일반주행차로,일반주행차로,일반주행차로,일반주행차로,일반주행차로,일반주행차로,일반주행차로,일반주행차로",,,"기타시설물,콘크리트연석,콘크리트연석,기타시설물,콘크리트연석,콘크리트연석,기타시설물,콘크리트연석,콘크리트연석,콘크리트연석,콘크리트연석,콘크리트연석,콘크리트연석,기타시설물,기타시설물,벽,기타시설물,콘크리트연석,콘크리트연석,콘크리트연석,콘크리트연석,콘크리트연석,콘크리트연석,콘크리트연석,콘크리트연석,콘크리트연석,기타시설물,콘크리트연석,콘크리트연석,콘크리트연석,기타시설물,콘크리트연석,콘크리트연석,콘크리트연석,기타시설물,벽,콘크리트연석,기타시설물,기타시설물,콘크리트연석,콘크리트방호벽,콘크리트연석,기타시설물,콘크리트연석,콘크리트연석,기타시설물,콘크리트연석,콘크리트연석,콘크리트연석,콘크리트연석,기타시설물,콘크리트연석,콘크리트연석,기타시설물,콘크리트연석","중앙분리대가아닌경우,중앙분리대가아닌경우,중앙분리대가아닌경우,중앙분리대가아닌경우,중앙분리대가아닌경우,중앙분리대가아닌경우,중앙분리대가아닌경우,중앙분리대가아닌경우,중앙분리대가아닌경우,중앙분리대가아닌경우,중앙분리대가아닌경우,중앙분리대가아닌경우,중앙분리대가아닌경우,중앙분리대가아닌경우,중앙분리대가아닌경우,중앙분리대가아닌경우,중앙분리대가아닌경우,중앙분리대,중앙분리대,중앙분리대,중앙분리대가아닌경우,중앙분리대,중앙분리대가아닌경우,중앙분리대가아닌경우,중앙분리대가아닌경우,중앙분리대,중앙분리대가아닌경우,중앙분리대,중앙분리대가아닌경우,중앙분리대가아닌경우,중앙분리대가아닌경우,중앙분리대가아닌경우,중앙분리대가아닌경우,중앙분리대가아닌경우,중앙분리대가아닌경우,중앙분리대가아닌경우,중앙분리대가아닌경우,중앙분리대가아닌경우,중앙분리대가아닌경우,중앙분리대가아닌경우,중앙분리대가아닌경우,중앙분리대가아닌경우,중앙분리대가아닌경우,중앙분리대가아닌경우,중앙분리대가아닌경우,중앙분리대가아닌경우,중앙분리대가아닌경우,중앙분리대가아닌경우,중앙분리대가아닌경우,중앙분리대가아닌경우,중앙분리대가아닌경우,중앙분리대가아닌경우,중앙분리대가아닌경우,중앙분리대가아닌경우,중앙분리대가아닌경우",,,3060239100,2,지하차도,없음,80,이륜차,0.0,0.0,"유형 없음,지하차도 시/종점,지하차도 시/종점,유형 없음,지하차도 시/종점,지하차도 시/종점","일반도로,일반도로,일반도로,일반도로,일반도로,일반도로","일반주행차로,일반주행차로,일반주행차로,일반주행차로,일반주행차로,일반주행차로",,,"기타시설물,콘크리트연석,콘크리트연석,콘크리트연석,콘크리트연석,콘크리트연석,콘크리트연석,콘크리트연석,콘크리트연석,콘크리트연석","중앙분리대가아닌경우,중앙분리대가아닌경우,중앙분리대,중앙분리대,중앙분리대,중앙분리대가아닌경우,중앙분리대가아닌경우,중앙분리대가아닌경우,중앙분리대가아닌경우,중앙분리대가아닌경우",,
6,3060090100,0,0,8,0,24,170,교차로,북,진출,2021,1,11,18,월,교차로부근,추돌(진행중),안전운전불이행,맑음,0,0,1,0,1,남,66,승용,동해당,전미동1가,교차로 시·종점,유,"도로 차로 수 변화,도로 차로 수 변화,도로 차로 수 변화,도로 차로 수 변화,도로 차로 수 변화,유형 없음,유형 없음,유형 없음,유형 없음,유형 없음,유형 없음,유형 없음,유형 없음,유형 없음,유형 없음,유형 없음,유형 없음,유형 없음,유형 없음,도로 차로 수 변화,유형 없음,유형 없음,지하차도 시/종점,지하차도 시/종점,지하차도 시/종점,지하차도 시/종점,유형 없음,지하차도 시/종점,유형 없음,지하차도 시/종점,지하차도 시/종점,지하차도 시/종점,유형 없음,유형 없음,유형 없음,유형 없음,유형 없음,유형 없음,유형 없음,유형 없음,유형 없음,유형 없음,유형 없음,유형 없음,유형 없음,유형 없음,유형 없음,유형 없음,유형 없음,유형 없음,교량 시/종점,교량 시/종점,교량 시/종점,교량 시/종점","일반도로,일반도로,일반도로,일반도로,일반도로,일반도로,일반도로,일반도로,일반도로,일반도로,일반도로,일반도로,일반도로,일반도로,일반도로,일반도로,일반도로,일반도로,일반도로,일반도로,일반도로,일반도로,일반도로,일반도로,일반도로,일반도로,지하차도,일반도로,지하차도,일반도로,일반도로,일반도로,일반도로,일반도로,일반도로,지하차도,지하차도,일반도로,일반도로,일반도로,일반도로,일반도로,일반도로,일반도로,일반도로,일반도로,일반도로,일반도로,일반도로,일반도로,일반도로,일반도로,일반도로,일반도로,일반도로,일반도로,일반도로,일반도로,일반도로,일반도로,일반도로,일반도로,일반도로,일반도로,일반도로,교량,교량,교량,교량,교량,교량,교량,교량","일반주행차로,일반주행차로,일반주행차로,일반주행차로,일반주행차로,일반주행차로,일반주행차로,일반주행차로,일반주행차로,일반주행차로,일반주행차로,일반주행차로,일반주행차로,일반주행차로,일반주행차로,일반주행차로,일반주행차로,일반주행차로,일반주행차로,일반주행차로,일반주행차로,일반주행차로,일반주행차로,일반주행차로,교차로내주행경로,일반주행차로,일반주행차로,일반주행차로,일반주행차로,일반주행차로,일반주행차로,일반주행차로,일반주행차로,일반주행차로,일반주행차로,일반주행차로,일반주행차로,일반주행차로,일반주행차로,일반주행차로,일반주행차로,일반주행차로,일반주행차로,일반주행차로,일반주행차로,일반주행차로,일반주행차로,교차로내주행경로,교차로내주행경로,일반주행차로,일반주행차로,일반주행차로,일반주행차로,일반주행차로,일반주행차로,일반주행차로,일반주행차로,일반주행차로,일반주행차로,일반주행차로,일반주행차로,일반주행차로,일반주행차로,일반주행차로,일반주행차로,일반주행차로,일반주행차로,일반주행차로,일반주행차로,일반주행차로,일반주행차로,일반주행차로,일반주행차로",,,"기타시설물,콘크리트연석,콘크리트연석,기타시설물,콘크리트연석,콘크리트연석,기타시설물,콘크리트연석,콘크리트연석,콘크리트연석,콘크리트연석,콘크리트연석,콘크리트연석,기타시설물,기타시설물,벽,기타시설물,콘크리트연석,콘크리트연석,콘크리트연석,콘크리트연석,콘크리트연석,콘크리트연석,콘크리트연석,콘크리트연석,콘크리트연석,기타시설물,콘크리트연석,콘크리트연석,콘크리트연석,기타시설물,콘크리트연석,콘크리트연석,콘크리트연석,기타시설물,벽,콘크리트연석,기타시설물,기타시설물,콘크리트연석,콘크리트방호벽,콘크리트연석,기타시설물,콘크리트연석,콘크리트연석,기타시설물,콘크리트연석,콘크리트연석,콘크리트연석,콘크리트연석,기타시설물,콘크리트연석,콘크리트연석,기타시설물,콘크리트연석","중앙분리대가아닌경우,중앙분리대가아닌경우,중앙분리대가아닌경우,중앙분리대가아닌경우,중앙분리대가아닌경우,중앙분리대가아닌경우,중앙분리대가아닌경우,중앙분리대가아닌경우,중앙분리대가아닌경우,중앙분리대가아닌경우,중앙분리대가아닌경우,중앙분리대가아닌경우,중앙분리대가아닌경우,중앙분리대가아닌경우,중앙분리대가아닌경우,중앙분리대가아닌경우,중앙분리대가아닌경우,중앙분리대,중앙분리대,중앙분리대,중앙분리대가아닌경우,중앙분리대,중앙분리대가아닌경우,중앙분리대가아닌경우,중앙분리대가아닌경우,중앙분리대,중앙분리대가아닌경우,중앙분리대,중앙분리대가아닌경우,중앙분리대가아닌경우,중앙분리대가아닌경우,중앙분리대가아닌경우,중앙분리대가아닌경우,중앙분리대가아닌경우,중앙분리대가아닌경우,중앙분리대가아닌경우,중앙분리대가아닌경우,중앙분리대가아닌경우,중앙분리대가아닌경우,중앙분리대가아닌경우,중앙분리대가아닌경우,중앙분리대가아닌경우,중앙분리대가아닌경우,중앙분리대가아닌경우,중앙분리대가아닌경우,중앙분리대가아닌경우,중앙분리대가아닌경우,중앙분리대가아닌경우,중앙분리대가아닌경우,중앙분리대가아닌경우,중앙분리대가아닌경우,중앙분리대가아닌경우,중앙분리대가아닌경우,중앙분리대가아닌경우,중앙분리대가아닌경우",,,3060112101,2,일반도로,없음,70,모두통행가능,0.0,0.0,"유형 없음,유형 없음,유형 없음,교량 시/종점,교량 시/종점","일반도로,교량,지하차도,지하차도,일반도로,일반도로,일반도로","일반주행차로,일반주행차로,일반주행차로,일반주행차로,일반주행차로,일반주행차로,일반주행차로",,,"콘크리트연석,기타시설물,기타시설물,콘크리트연석,콘크리트연석,콘크리트연석,벽,콘크리트연석","중앙분리대가아닌경우,중앙분리대가아닌경우,중앙분리대가아닌경우,중앙분리대가아닌경우,중앙분리대,중앙분리대,중앙분리대가아닌경우,중앙분리대가아닌경우",,
7,3060090100,0,0,8,0,24,212,교차로,남,진출,2021,4,2,18,금,교차로부근,추돌(진행중),안전운전불이행,맑음,0,0,1,0,1,남,46,승합,동해당,전미동1가,교차로 시·종점,유,"도로 차로 수 변화,도로 차로 수 변화,도로 차로 수 변화,도로 차로 수 변화,도로 차로 수 변화,유형 없음,유형 없음,유형 없음,유형 없음,유형 없음,유형 없음,유형 없음,유형 없음,유형 없음,유형 없음,유형 없음,유형 없음,유형 없음,유형 없음,도로 차로 수 변화,유형 없음,유형 없음,지하차도 시/종점,지하차도 시/종점,지하차도 시/종점,지하차도 시/종점,유형 없음,지하차도 시/종점,유형 없음,지하차도 시/종점,지하차도 시/종점,지하차도 시/종점,유형 없음,유형 없음,유형 없음,유형 없음,유형 없음,유형 없음,유형 없음,유형 없음,유형 없음,유형 없음,유형 없음,유형 없음,유형 없음,유형 없음,유형 없음,유형 없음,유형 없음,유형 없음,교량 시/종점,교량 시/종점,교량 시/종점,교량 시/종점","일반도로,일반도로,일반도로,일반도로,일반도로,일반도로,일반도로,일반도로,일반도로,일반도로,일반도로,일반도로,일반도로,일반도로,일반도로,일반도로,일반도로,일반도로,일반도로,일반도로,일반도로,일반도로,일반도로,일반도로,일반도로,일반도로,지하차도,일반도로,지하차도,일반도로,일반도로,일반도로,일반도로,일반도로,일반도로,지하차도,지하차도,일반도로,일반도로,일반도로,일반도로,일반도로,일반도로,일반도로,일반도로,일반도로,일반도로,일반도로,일반도로,일반도로,일반도로,일반도로,일반도로,일반도로,일반도로,일반도로,일반도로,일반도로,일반도로,일반도로,일반도로,일반도로,일반도로,일반도로,일반도로,교량,교량,교량,교량,교량,교량,교량,교량","일반주행차로,일반주행차로,일반주행차로,일반주행차로,일반주행차로,일반주행차로,일반주행차로,일반주행차로,일반주행차로,일반주행차로,일반주행차로,일반주행차로,일반주행차로,일반주행차로,일반주행차로,일반주행차로,일반주행차로,일반주행차로,일반주행차로,일반주행차로,일반주행차로,일반주행차로,일반주행차로,일반주행차로,교차로내주행경로,일반주행차로,일반주행차로,일반주행차로,일반주행차로,일반주행차로,일반주행차로,일반주행차로,일반주행차로,일반주행차로,일반주행차로,일반주행차로,일반주행차로,일반주행차로,일반주행차로,일반주행차로,일반주행차로,일반주행차로,일반주행차로,일반주행차로,일반주행차로,일반주행차로,일반주행차로,교차로내주행경로,교차로내주행경로,일반주행차로,일반주행차로,일반주행차로,일반주행차로,일반주행차로,일반주행차로,일반주행차로,일반주행차로,일반주행차로,일반주행차로,일반주행차로,일반주행차로,일반주행차로,일반주행차로,일반주행차로,일반주행차로,일반주행차로,일반주행차로,일반주행차로,일반주행차로,일반주행차로,일반주행차로,일반주행차로,일반주행차로",,,"기타시설물,콘크리트연석,콘크리트연석,기타시설물,콘크리트연석,콘크리트연석,기타시설물,콘크리트연석,콘크리트연석,콘크리트연석,콘크리트연석,콘크리트연석,콘크리트연석,기타시설물,기타시설물,벽,기타시설물,콘크리트연석,콘크리트연석,콘크리트연석,콘크리트연석,콘크리트연석,콘크리트연석,콘크리트연석,콘크리트연석,콘크리트연석,기타시설물,콘크리트연석,콘크리트연석,콘크리트연석,기타시설물,콘크리트연석,콘크리트연석,콘크리트연석,기타시설물,벽,콘크리트연석,기타시설물,기타시설물,콘크리트연석,콘크리트방호벽,콘크리트연석,기타시설물,콘크리트연석,콘크리트연석,기타시설물,콘크리트연석,콘크리트연석,콘크리트연석,콘크리트연석,기타시설물,콘크리트연석,콘크리트연석,기타시설물,콘크리트연석","중앙분리대가아닌경우,중앙분리대가아닌경우,중앙분리대가아닌경우,중앙분리대가아닌경우,중앙분리대가아닌경우,중앙분리대가아닌경우,중앙분리대가아닌경우,중앙분리대가아닌경우,중앙분리대가아닌경우,중앙분리대가아닌경우,중앙분리대가아닌경우,중앙분리대가아닌경우,중앙분리대가아닌경우,중앙분리대가아닌경우,중앙분리대가아닌경우,중앙분리대가아닌경우,중앙분리대가아닌경우,중앙분리대,중앙분리대,중앙분리대,중앙분리대가아닌경우,중앙분리대,중앙분리대가아닌경우,중앙분리대가아닌경우,중앙분리대가아닌경우,중앙분리대,중앙분리대가아닌경우,중앙분리대,중앙분리대가아닌경우,중앙분리대가아닌경우,중앙분리대가아닌경우,중앙분리대가아닌경우,중앙분리대가아닌경우,중앙분리대가아닌경우,중앙분리대가아닌경우,중앙분리대가아닌경우,중앙분리대가아닌경우,중앙분리대가아닌경우,중앙분리대가아닌경우,중앙분리대가아닌경우,중앙분리대가아닌경우,중앙분리대가아닌경우,중앙분리대가아닌경우,중앙분리대가아닌경우,중앙분리대가아닌경우,중앙분리대가아닌경우,중앙분리대가아닌경우,중앙분리대가아닌경우,중앙분리대가아닌경우,중앙분리대가아닌경우,중앙분리대가아닌경우,중앙분리대가아닌경우,중앙분리대가아닌경우,중앙분리대가아닌경우,중앙분리대가아닌경우",,,3060112202,2,일반도로,없음,70,모두통행가능,0.0,0.0,"도로 차로 수 변화,유형 없음,유형 없음,도로 차로 수 변화,유형 없음,유형 없음,유형 없음","일반도로,일반도로,일반도로,일반도로,일반도로,일반도로,일반도로,일반도로,지하차도,지하차도","일반주행차로,일반주행차로,일반주행차로,일반주행차로,일반주행차로,일반주행차로,일반주행차로,일반주행차로,일반주행차로,일반주행차로",,,"기타시설물,벽,기타시설물,기타시설물,콘크리트연석","중앙분리대가아닌경우,중앙분리대가아닌경우,중앙분리대가아닌경우,중앙분리대가아닌경우,중앙분리대가아닌경우",,
8,3060090100,0,0,8,0,24,240,교차로,남,진입,2021,6,18,18,금,교차로안,측면직각충돌,신호위반,비,0,0,2,0,2,남,48,승용,동해당,전미동1가,교차로 시·종점,유,"도로 차로 수 변화,도로 차로 수 변화,도로 차로 수 변화,도로 차로 수 변화,도로 차로 수 변화,유형 없음,유형 없음,유형 없음,유형 없음,유형 없음,유형 없음,유형 없음,유형 없음,유형 없음,유형 없음,유형 없음,유형 없음,유형 없음,유형 없음,도로 차로 수 변화,유형 없음,유형 없음,지하차도 시/종점,지하차도 시/종점,지하차도 시/종점,지하차도 시/종점,유형 없음,지하차도 시/종점,유형 없음,지하차도 시/종점,지하차도 시/종점,지하차도 시/종점,유형 없음,유형 없음,유형 없음,유형 없음,유형 없음,유형 없음,유형 없음,유형 없음,유형 없음,유형 없음,유형 없음,유형 없음,유형 없음,유형 없음,유형 없음,유형 없음,유형 없음,유형 없음,교량 시/종점,교량 시/종점,교량 시/종점,교량 시/종점","일반도로,일반도로,일반도로,일반도로,일반도로,일반도로,일반도로,일반도로,일반도로,일반도로,일반도로,일반도로,일반도로,일반도로,일반도로,일반도로,일반도로,일반도로,일반도로,일반도로,일반도로,일반도로,일반도로,일반도로,일반도로,일반도로,지하차도,일반도로,지하차도,일반도로,일반도로,일반도로,일반도로,일반도로,일반도로,지하차도,지하차도,일반도로,일반도로,일반도로,일반도로,일반도로,일반도로,일반도로,일반도로,일반도로,일반도로,일반도로,일반도로,일반도로,일반도로,일반도로,일반도로,일반도로,일반도로,일반도로,일반도로,일반도로,일반도로,일반도로,일반도로,일반도로,일반도로,일반도로,일반도로,교량,교량,교량,교량,교량,교량,교량,교량","일반주행차로,일반주행차로,일반주행차로,일반주행차로,일반주행차로,일반주행차로,일반주행차로,일반주행차로,일반주행차로,일반주행차로,일반주행차로,일반주행차로,일반주행차로,일반주행차로,일반주행차로,일반주행차로,일반주행차로,일반주행차로,일반주행차로,일반주행차로,일반주행차로,일반주행차로,일반주행차로,일반주행차로,교차로내주행경로,일반주행차로,일반주행차로,일반주행차로,일반주행차로,일반주행차로,일반주행차로,일반주행차로,일반주행차로,일반주행차로,일반주행차로,일반주행차로,일반주행차로,일반주행차로,일반주행차로,일반주행차로,일반주행차로,일반주행차로,일반주행차로,일반주행차로,일반주행차로,일반주행차로,일반주행차로,교차로내주행경로,교차로내주행경로,일반주행차로,일반주행차로,일반주행차로,일반주행차로,일반주행차로,일반주행차로,일반주행차로,일반주행차로,일반주행차로,일반주행차로,일반주행차로,일반주행차로,일반주행차로,일반주행차로,일반주행차로,일반주행차로,일반주행차로,일반주행차로,일반주행차로,일반주행차로,일반주행차로,일반주행차로,일반주행차로,일반주행차로",,,"기타시설물,콘크리트연석,콘크리트연석,기타시설물,콘크리트연석,콘크리트연석,기타시설물,콘크리트연석,콘크리트연석,콘크리트연석,콘크리트연석,콘크리트연석,콘크리트연석,기타시설물,기타시설물,벽,기타시설물,콘크리트연석,콘크리트연석,콘크리트연석,콘크리트연석,콘크리트연석,콘크리트연석,콘크리트연석,콘크리트연석,콘크리트연석,기타시설물,콘크리트연석,콘크리트연석,콘크리트연석,기타시설물,콘크리트연석,콘크리트연석,콘크리트연석,기타시설물,벽,콘크리트연석,기타시설물,기타시설물,콘크리트연석,콘크리트방호벽,콘크리트연석,기타시설물,콘크리트연석,콘크리트연석,기타시설물,콘크리트연석,콘크리트연석,콘크리트연석,콘크리트연석,기타시설물,콘크리트연석,콘크리트연석,기타시설물,콘크리트연석","중앙분리대가아닌경우,중앙분리대가아닌경우,중앙분리대가아닌경우,중앙분리대가아닌경우,중앙분리대가아닌경우,중앙분리대가아닌경우,중앙분리대가아닌경우,중앙분리대가아닌경우,중앙분리대가아닌경우,중앙분리대가아닌경우,중앙분리대가아닌경우,중앙분리대가아닌경우,중앙분리대가아닌경우,중앙분리대가아닌경우,중앙분리대가아닌경우,중앙분리대가아닌경우,중앙분리대가아닌경우,중앙분리대,중앙분리대,중앙분리대,중앙분리대가아닌경우,중앙분리대,중앙분리대가아닌경우,중앙분리대가아닌경우,중앙분리대가아닌경우,중앙분리대,중앙분리대가아닌경우,중앙분리대,중앙분리대가아닌경우,중앙분리대가아닌경우,중앙분리대가아닌경우,중앙분리대가아닌경우,중앙분리대가아닌경우,중앙분리대가아닌경우,중앙분리대가아닌경우,중앙분리대가아닌경우,중앙분리대가아닌경우,중앙분리대가아닌경우,중앙분리대가아닌경우,중앙분리대가아닌경우,중앙분리대가아닌경우,중앙분리대가아닌경우,중앙분리대가아닌경우,중앙분리대가아닌경우,중앙분리대가아닌경우,중앙분리대가아닌경우,중앙분리대가아닌경우,중앙분리대가아닌경우,중앙분리대가아닌경우,중앙분리대가아닌경우,중앙분리대가아닌경우,중앙분리대가아닌경우,중앙분리대가아닌경우,중앙분리대가아닌경우,중앙분리대가아닌경우",,,3060239000,1,일반도로,없음,70,모두통행가능,0.0,0.0,"유형 없음,도로 차로 수 변화,유형 없음","일반도로,일반도로,일반도로,일반도로","일반주행차로,일반주행차로,교차로내주행경로,일반주행차로",,,"콘크리트연석,기타시설물,기타시설물,콘크리트연석","중앙분리대가아닌경우,중앙분리대가아닌경우,중앙분리대가아닌경우,중앙분리대가아닌경우",,
9,3060090100,0,0,8,0,24,246,교차로,서,진입,2021,7,1,18,목,교차로안,측면직각충돌,차로위반,맑음,0,0,1,0,1,여,20,승용,동해당,전미동1가,교차로 시·종점,유,"도로 차로 수 변화,도로 차로 수 변화,도로 차로 수 변화,도로 차로 수 변화,도로 차로 수 변화,유형 없음,유형 없음,유형 없음,유형 없음,유형 없음,유형 없음,유형 없음,유형 없음,유형 없음,유형 없음,유형 없음,유형 없음,유형 없음,유형 없음,도로 차로 수 변화,유형 없음,유형 없음,지하차도 시/종점,지하차도 시/종점,지하차도 시/종점,지하차도 시/종점,유형 없음,지하차도 시/종점,유형 없음,지하차도 시/종점,지하차도 시/종점,지하차도 시/종점,유형 없음,유형 없음,유형 없음,유형 없음,유형 없음,유형 없음,유형 없음,유형 없음,유형 없음,유형 없음,유형 없음,유형 없음,유형 없음,유형 없음,유형 없음,유형 없음,유형 없음,유형 없음,교량 시/종점,교량 시/종점,교량 시/종점,교량 시/종점","일반도로,일반도로,일반도로,일반도로,일반도로,일반도로,일반도로,일반도로,일반도로,일반도로,일반도로,일반도로,일반도로,일반도로,일반도로,일반도로,일반도로,일반도로,일반도로,일반도로,일반도로,일반도로,일반도로,일반도로,일반도로,일반도로,지하차도,일반도로,지하차도,일반도로,일반도로,일반도로,일반도로,일반도로,일반도로,지하차도,지하차도,일반도로,일반도로,일반도로,일반도로,일반도로,일반도로,일반도로,일반도로,일반도로,일반도로,일반도로,일반도로,일반도로,일반도로,일반도로,일반도로,일반도로,일반도로,일반도로,일반도로,일반도로,일반도로,일반도로,일반도로,일반도로,일반도로,일반도로,일반도로,교량,교량,교량,교량,교량,교량,교량,교량","일반주행차로,일반주행차로,일반주행차로,일반주행차로,일반주행차로,일반주행차로,일반주행차로,일반주행차로,일반주행차로,일반주행차로,일반주행차로,일반주행차로,일반주행차로,일반주행차로,일반주행차로,일반주행차로,일반주행차로,일반주행차로,일반주행차로,일반주행차로,일반주행차로,일반주행차로,일반주행차로,일반주행차로,교차로내주행경로,일반주행차로,일반주행차로,일반주행차로,일반주행차로,일반주행차로,일반주행차로,일반주행차로,일반주행차로,일반주행차로,일반주행차로,일반주행차로,일반주행차로,일반주행차로,일반주행차로,일반주행차로,일반주행차로,일반주행차로,일반주행차로,일반주행차로,일반주행차로,일반주행차로,일반주행차로,교차로내주행경로,교차로내주행경로,일반주행차로,일반주행차로,일반주행차로,일반주행차로,일반주행차로,일반주행차로,일반주행차로,일반주행차로,일반주행차로,일반주행차로,일반주행차로,일반주행차로,일반주행차로,일반주행차로,일반주행차로,일반주행차로,일반주행차로,일반주행차로,일반주행차로,일반주행차로,일반주행차로,일반주행차로,일반주행차로,일반주행차로",,,"기타시설물,콘크리트연석,콘크리트연석,기타시설물,콘크리트연석,콘크리트연석,기타시설물,콘크리트연석,콘크리트연석,콘크리트연석,콘크리트연석,콘크리트연석,콘크리트연석,기타시설물,기타시설물,벽,기타시설물,콘크리트연석,콘크리트연석,콘크리트연석,콘크리트연석,콘크리트연석,콘크리트연석,콘크리트연석,콘크리트연석,콘크리트연석,기타시설물,콘크리트연석,콘크리트연석,콘크리트연석,기타시설물,콘크리트연석,콘크리트연석,콘크리트연석,기타시설물,벽,콘크리트연석,기타시설물,기타시설물,콘크리트연석,콘크리트방호벽,콘크리트연석,기타시설물,콘크리트연석,콘크리트연석,기타시설물,콘크리트연석,콘크리트연석,콘크리트연석,콘크리트연석,기타시설물,콘크리트연석,콘크리트연석,기타시설물,콘크리트연석","중앙분리대가아닌경우,중앙분리대가아닌경우,중앙분리대가아닌경우,중앙분리대가아닌경우,중앙분리대가아닌경우,중앙분리대가아닌경우,중앙분리대가아닌경우,중앙분리대가아닌경우,중앙분리대가아닌경우,중앙분리대가아닌경우,중앙분리대가아닌경우,중앙분리대가아닌경우,중앙분리대가아닌경우,중앙분리대가아닌경우,중앙분리대가아닌경우,중앙분리대가아닌경우,중앙분리대가아닌경우,중앙분리대,중앙분리대,중앙분리대,중앙분리대가아닌경우,중앙분리대,중앙분리대가아닌경우,중앙분리대가아닌경우,중앙분리대가아닌경우,중앙분리대,중앙분리대가아닌경우,중앙분리대,중앙분리대가아닌경우,중앙분리대가아닌경우,중앙분리대가아닌경우,중앙분리대가아닌경우,중앙분리대가아닌경우,중앙분리대가아닌경우,중앙분리대가아닌경우,중앙분리대가아닌경우,중앙분리대가아닌경우,중앙분리대가아닌경우,중앙분리대가아닌경우,중앙분리대가아닌경우,중앙분리대가아닌경우,중앙분리대가아닌경우,중앙분리대가아닌경우,중앙분리대가아닌경우,중앙분리대가아닌경우,중앙분리대가아닌경우,중앙분리대가아닌경우,중앙분리대가아닌경우,중앙분리대가아닌경우,중앙분리대가아닌경우,중앙분리대가아닌경우,중앙분리대가아닌경우,중앙분리대가아닌경우,중앙분리대가아닌경우,중앙분리대가아닌경우",,,3060239100,2,지하차도,없음,80,이륜차,0.0,0.0,"유형 없음,지하차도 시/종점,지하차도 시/종점,유형 없음,지하차도 시/종점,지하차도 시/종점","일반도로,일반도로,일반도로,일반도로,일반도로,일반도로","일반주행차로,일반주행차로,일반주행차로,일반주행차로,일반주행차로,일반주행차로",,,"기타시설물,콘크리트연석,콘크리트연석,콘크리트연석,콘크리트연석,콘크리트연석,콘크리트연석,콘크리트연석,콘크리트연석,콘크리트연석","중앙분리대가아닌경우,중앙분리대가아닌경우,중앙분리대,중앙분리대,중앙분리대,중앙분리대가아닌경우,중앙분리대가아닌경우,중앙분리대가아닌경우,중앙분리대가아닌경우,중앙분리대가아닌경우",,
10,3060090100,0,0,8,0,24,420,교차로,남,진출,2022,7,22,18,금,교차로부근,추돌(진행중),안전운전불이행,맑음,0,0,1,0,1,여,27,승용,동해당,전미동1가,교차로 시·종점,유,"도로 차로 수 변화,도로 차로 수 변화,도로 차로 수 변화,도로 차로 수 변화,도로 차로 수 변화,유형 없음,유형 없음,유형 없음,유형 없음,유형 없음,유형 없음,유형 없음,유형 없음,유형 없음,유형 없음,유형 없음,유형 없음,유형 없음,유형 없음,도로 차로 수 변화,유형 없음,유형 없음,지하차도 시/종점,지하차도 시/종점,지하차도 시/종점,지하차도 시/종점,유형 없음,지하차도 시/종점,유형 없음,지하차도 시/종점,지하차도 시/종점,지하차도 시/종점,유형 없음,유형 없음,유형 없음,유형 없음,유형 없음,유형 없음,유형 없음,유형 없음,유형 없음,유형 없음,유형 없음,유형 없음,유형 없음,유형 없음,유형 없음,유형 없음,유형 없음,유형 없음,교량 시/종점,교량 시/종점,교량 시/종점,교량 시/종점","일반도로,일반도로,일반도로,일반도로,일반도로,일반도로,일반도로,일반도로,일반도로,일반도로,일반도로,일반도로,일반도로,일반도로,일반도로,일반도로,일반도로,일반도로,일반도로,일반도로,일반도로,일반도로,일반도로,일반도로,일반도로,일반도로,지하차도,일반도로,지하차도,일반도로,일반도로,일반도로,일반도로,일반도로,일반도로,지하차도,지하차도,일반도로,일반도로,일반도로,일반도로,일반도로,일반도로,일반도로,일반도로,일반도로,일반도로,일반도로,일반도로,일반도로,일반도로,일반도로,일반도로,일반도로,일반도로,일반도로,일반도로,일반도로,일반도로,일반도로,일반도로,일반도로,일반도로,일반도로,일반도로,교량,교량,교량,교량,교량,교량,교량,교량","일반주행차로,일반주행차로,일반주행차로,일반주행차로,일반주행차로,일반주행차로,일반주행차로,일반주행차로,일반주행차로,일반주행차로,일반주행차로,일반주행차로,일반주행차로,일반주행차로,일반주행차로,일반주행차로,일반주행차로,일반주행차로,일반주행차로,일반주행차로,일반주행차로,일반주행차로,일반주행차로,일반주행차로,교차로내주행경로,일반주행차로,일반주행차로,일반주행차로,일반주행차로,일반주행차로,일반주행차로,일반주행차로,일반주행차로,일반주행차로,일반주행차로,일반주행차로,일반주행차로,일반주행차로,일반주행차로,일반주행차로,일반주행차로,일반주행차로,일반주행차로,일반주행차로,일반주행차로,일반주행차로,일반주행차로,교차로내주행경로,교차로내주행경로,일반주행차로,일반주행차로,일반주행차로,일반주행차로,일반주행차로,일반주행차로,일반주행차로,일반주행차로,일반주행차로,일반주행차로,일반주행차로,일반주행차로,일반주행차로,일반주행차로,일반주행차로,일반주행차로,일반주행차로,일반주행차로,일반주행차로,일반주행차로,일반주행차로,일반주행차로,일반주행차로,일반주행차로",,,"기타시설물,콘크리트연석,콘크리트연석,기타시설물,콘크리트연석,콘크리트연석,기타시설물,콘크리트연석,콘크리트연석,콘크리트연석,콘크리트연석,콘크리트연석,콘크리트연석,기타시설물,기타시설물,벽,기타시설물,콘크리트연석,콘크리트연석,콘크리트연석,콘크리트연석,콘크리트연석,콘크리트연석,콘크리트연석,콘크리트연석,콘크리트연석,기타시설물,콘크리트연석,콘크리트연석,콘크리트연석,기타시설물,콘크리트연석,콘크리트연석,콘크리트연석,기타시설물,벽,콘크리트연석,기타시설물,기타시설물,콘크리트연석,콘크리트방호벽,콘크리트연석,기타시설물,콘크리트연석,콘크리트연석,기타시설물,콘크리트연석,콘크리트연석,콘크리트연석,콘크리트연석,기타시설물,콘크리트연석,콘크리트연석,기타시설물,콘크리트연석","중앙분리대가아닌경우,중앙분리대가아닌경우,중앙분리대가아닌경우,중앙분리대가아닌경우,중앙분리대가아닌경우,중앙분리대가아닌경우,중앙분리대가아닌경우,중앙분리대가아닌경우,중앙분리대가아닌경우,중앙분리대가아닌경우,중앙분리대가아닌경우,중앙분리대가아닌경우,중앙분리대가아닌경우,중앙분리대가아닌경우,중앙분리대가아닌경우,중앙분리대가아닌경우,중앙분리대가아닌경우,중앙분리대,중앙분리대,중앙분리대,중앙분리대가아닌경우,중앙분리대,중앙분리대가아닌경우,중앙분리대가아닌경우,중앙분리대가아닌경우,중앙분리대,중앙분리대가아닌경우,중앙분리대,중앙분리대가아닌경우,중앙분리대가아닌경우,중앙분리대가아닌경우,중앙분리대가아닌경우,중앙분리대가아닌경우,중앙분리대가아닌경우,중앙분리대가아닌경우,중앙분리대가아닌경우,중앙분리대가아닌경우,중앙분리대가아닌경우,중앙분리대가아닌경우,중앙분리대가아닌경우,중앙분리대가아닌경우,중앙분리대가아닌경우,중앙분리대가아닌경우,중앙분리대가아닌경우,중앙분리대가아닌경우,중앙분리대가아닌경우,중앙분리대가아닌경우,중앙분리대가아닌경우,중앙분리대가아닌경우,중앙분리대가아닌경우,중앙분리대가아닌경우,중앙분리대가아닌경우,중앙분리대가아닌경우,중앙분리대가아닌경우,중앙분리대가아닌경우",,,3060112202,2,일반도로,없음,70,모두통행가능,0.0,0.0,"도로 차로 수 변화,유형 없음,유형 없음,도로 차로 수 변화,유형 없음,유형 없음,유형 없음","일반도로,일반도로,일반도로,일반도로,일반도로,일반도로,일반도로,일반도로,지하차도,지하차도","일반주행차로,일반주행차로,일반주행차로,일반주행차로,일반주행차로,일반주행차로,일반주행차로,일반주행차로,일반주행차로,일반주행차로",,,"기타시설물,벽,기타시설물,기타시설물,콘크리트연석","중앙분리대가아닌경우,중앙분리대가아닌경우,중앙분리대가아닌경우,중앙분리대가아닌경우,중앙분리대가아닌경우",,